audit_id,timestamp,action,system,user_id,session_id,record_count,success,compliance_tag
AUD-000000,2025-11-28T09:21:56.279249,data_modification,payment_processor,usr_809,00370267-dfbc-4496-9873-ec3482691327,364,True,GDPR
AUD-000001,2025-12-08T23:05:30.279249,configuration_change,audit_log_system,usr_651,6de5186e-265a-4036-9050-27525cb23aa0,779,True,SOX
AUD-000002,2025-12-03T16:51:17.279249,data_deletion,financial_system,usr_125,6f4893ea-3128-49c1-b6c5-91e649b27555,821,True,PCI-DSS
AUD-000003,2025-12-10T00:07:22.279249,backup_completed,patient_db,usr_510,fc550dd9-f048-436d-8503-e136c4b15961,328,True,HIPAA
AUD-000004,2025-11-27T22:47:40.279249,data_deletion,financial_system,usr_869,6ccdaba7-8d72-44ff-8c9a-1e3b8bba21bf,980,False,
AUD-000005,2025-12-08T17:32:27.279249,data_access,audit_log_system,usr_326,7152933a-b29d-4d5b-9dbb-2567904dd6a8,155,True,GDPR
AUD-000006,2025-11-20T15:25:37.279249,permission_change,payment_processor,usr_733,5f271153-d33d-4222-ac64-e428d4ef03db,563,True,HIPAA
AUD-000007,2025-11-23T00:36:11.279249,data_access,backup_system,usr_173,3bac483f-8082-4502-8bd5-99097221d33d,50,True,HIPAA
AUD-000008,2025-12-08T15:41:46.279249,data_deletion,audit_log_system,usr_937,06756ff9-29d2-498e-9d42-3a917710ce0c,946,True,GDPR
AUD-000009,2025-11-26T17:04:23.279249,data_deletion,audit_log_system,usr_305,8762218e-d280-4b45-a956-c23d12f43cf5,407,True,SOX
AUD-000010,2025-11-27T23:57:13.279249,permission_change,hr_system,usr_753,1387843c-2c3a-4a54-a18f-f10d70fb08c7,599,True,PCI-DSS
AUD-000011,2025-11-13T10:15:52.279249,permission_change,backup_system,usr_510,4b6fa6f7-0622-4dc4-90e3-2ff80a5b4a4a,239,True,SOX
AUD-000012,2025-11-23T12:35:56.279249,configuration_change,backup_system,usr_800,24e71191-924e-4ed7-92cd-3be46e16b40d,351,False,PCI-DSS
AUD-000013,2025-11-28T15:57:11.279249,data_modification,patient_db,usr_880,12eae5fb-c23c-4a0b-b1ee-9e16eac490e4,260,True,PCI-DSS
AUD-000014,2025-11-16T11:27:41.279249,restore_initiated,payment_processor,usr_399,7b5782da-95fb-4ec4-8b73-87a3674438ad,384,True,SOX
AUD-000015,2025-11-27T03:57:23.279249,configuration_change,financial_system,usr_587,489d3366-294f-4065-9b17-44e705362118,754,True,GDPR
AUD-000016,2025-12-12T02:11:21.279249,permission_change,financial_system,usr_283,946264ed-9722-4d5d-8c6f-6fa77066c440,695,True,
AUD-000017,2025-12-09T08:48:54.279249,data_deletion,patient_db,usr_811,6691c8a1-eb83-4a9b-9565-e337ada52322,19,True,HIPAA
AUD-000018,2025-11-21T04:33:47.279249,backup_completed,audit_log_system,usr_901,578fcf21-64df-4fc1-8fbf-92205c23b794,199,True,GDPR
AUD-000019,2025-11-19T05:23:29.279249,permission_change,patient_db,usr_481,4911ebea-47c1-4afd-80c8-2456240db071,151,True,PCI-DSS
AUD-000020,2025-11-16T19:00:35.279249,data_deletion,payment_processor,usr_927,65264f3c-d2f3-4604-8548-df7a30ae3c84,620,True,GDPR
AUD-000021,2025-11-24T10:28:35.279249,data_deletion,patient_db,usr_588,917790eb-c9c7-446e-9654-838b9f6b4db9,210,True,HIPAA
AUD-000022,2025-11-15T16:16:01.279249,report_generation,financial_system,usr_242,ee1449e5-7a15-4452-9db2-2e7910984fe7,254,True,
AUD-000023,2025-11-17T01:19:25.279249,restore_initiated,backup_system,usr_298,304f85bb-389b-4e05-965c-4246a73eafb3,398,False,SOX
AUD-000024,2025-12-03T04:16:14.279249,permission_change,patient_db,usr_800,7d5700e6-0a5b-4e90-8f4c-2afa88bc115c,673,True,PCI-DSS
AUD-000025,2025-11-30T15:37:46.279249,data_deletion,patient_db,usr_361,649be1ab-9a10-489c-a11c-27baa5a61d8c,804,True,SOX
AUD-000026,2025-11-12T17:50:50.279249,configuration_change,patient_db,usr_764,7ec90371-0a79-446f-84bd-c398a50a3633,64,True,GDPR
AUD-000027,2025-11-18T06:45:34.279249,data_access,payment_processor,usr_150,d2ca634e-5cf0-4260-84db-516c8bb8e3c1,367,True,SOX
AUD-000028,2025-11-16T00:56:33.279249,restore_initiated,financial_system,usr_321,71ca29bf-fcd9-4815-9a69-24623b0a73e5,340,True,HIPAA
AUD-000029,2025-11-27T14:02:13.279249,permission_change,backup_system,usr_386,f30fc67d-b502-4387-b2c0-e4a8860475bc,77,True,SOX
AUD-000030,2025-12-01T23:50:38.279249,configuration_change,payment_processor,usr_427,47805099-e41c-427e-ad4b-d4467e6bf810,704,True,
AUD-000031,2025-12-10T06:03:26.279249,configuration_change,patient_db,usr_419,f60e713e-7c3d-4a4d-a5bc-02a32a2a69b4,366,False,PCI-DSS
AUD-000032,2025-11-15T18:44:33.279249,restore_initiated,financial_system,usr_471,f4059566-2c2f-495a-8489-d920b3886e6d,114,False,HIPAA
AUD-000033,2025-12-03T09:40:42.279249,configuration_change,payment_processor,usr_162,7a09d0d2-7d28-4c6e-8bdc-396e24da7ffe,358,True,PCI-DSS
AUD-000034,2025-11-16T00:59:54.279249,report_generation,financial_system,usr_539,ff350586-df70-4854-aa55-c1e589705c52,666,True,PCI-DSS
AUD-000035,2025-11-18T13:53:19.279249,data_deletion,backup_system,usr_220,4072a261-3c33-478d-8b1a-14bba48bfe90,542,True,SOX
AUD-000036,2025-11-29T11:25:15.279249,data_deletion,hr_system,usr_485,c9310f53-d54f-4d1b-b982-5fce54266f10,37,True,
AUD-000037,2025-12-02T07:23:27.279249,backup_completed,hr_system,usr_126,d52166d9-4ff3-405a-83d8-e02b29bceec2,665,False,
AUD-000038,2025-11-18T13:55:41.279249,data_modification,backup_system,usr_908,4eea73f5-99e7-40e0-b416-b25752258e14,505,True,PCI-DSS
AUD-000039,2025-11-12T23:24:07.279249,configuration_change,patient_db,usr_954,055aebc0-2787-4ce5-8520-5660b74952fe,191,True,
AUD-000040,2025-12-06T22:18:16.279249,permission_change,financial_system,usr_374,f2a0bbb0-dc5b-49a6-959c-980d6f43edc0,872,True,PCI-DSS
AUD-000041,2025-11-14T15:53:38.279249,permission_change,financial_system,usr_268,a6bda62a-dc6c-4afa-a219-f11ba840efab,558,True,SOX
AUD-000042,2025-11-14T11:49:01.279249,data_modification,backup_system,usr_990,848b52bb-86a0-473e-ae33-9a41da335501,886,True,PCI-DSS
AUD-000043,2025-11-25T17:14:07.279249,backup_completed,financial_system,usr_434,3e230327-5133-4465-80f5-433b466efc94,867,True,GDPR
AUD-000044,2025-12-03T13:09:31.279249,data_deletion,financial_system,usr_589,aadb7a83-e79d-4927-b82d-deea871dd1ad,429,True,GDPR
AUD-000045,2025-12-04T03:45:39.279249,data_access,patient_db,usr_143,0ad59139-c94f-4101-9440-b02047860f02,233,True,PCI-DSS
AUD-000046,2025-11-21T23:32:49.279249,data_deletion,payment_processor,usr_472,42decdab-3ce6-42d8-b5d9-708342059d53,742,True,HIPAA
AUD-000047,2025-12-11T20:45:37.279249,data_deletion,patient_db,usr_342,a402cc8d-649e-4266-afd8-643d0dea00b0,755,True,
AUD-000048,2025-11-29T00:39:22.279249,report_generation,payment_processor,usr_342,d7efec4b-6a9f-4178-b09c-de28cf17b931,654,True,SOX
AUD-000049,2025-12-04T20:55:17.279249,permission_change,hr_system,usr_752,c3ecb03f-1673-4453-90a4-5ff69f1adff9,619,True,HIPAA
AUD-000050,2025-11-28T20:59:04.279249,data_modification,payment_processor,usr_185,890346c5-85cc-4b9d-94fa-5a9f5039badd,710,False,SOX
AUD-000051,2025-11-20T14:11:59.279249,data_deletion,payment_processor,usr_980,9557cf92-478e-4663-a4f4-419c0377d928,137,True,HIPAA
AUD-000052,2025-11-30T15:07:31.279249,data_deletion,hr_system,usr_772,f7a48adb-19eb-4f92-8bbf-1076d0cb4f3a,724,False,
AUD-000053,2025-11-24T04:53:25.279249,permission_change,financial_system,usr_910,bb6b2da8-a2d4-42a1-895f-b908c960853e,191,False,SOX
AUD-000054,2025-11-13T06:40:06.279249,configuration_change,backup_system,usr_249,dfa19878-2dad-42a5-83dc-0cc73aede9f1,186,True,GDPR
AUD-000055,2025-11-13T01:43:15.279249,data_access,hr_system,usr_998,a75b44d8-910f-4fd7-b65e-7579ab5588ca,860,False,PCI-DSS
AUD-000056,2025-12-03T12:51:12.279249,permission_change,hr_system,usr_222,2991b282-ce82-42f3-b985-2d2a58534557,677,False,HIPAA
AUD-000057,2025-12-11T07:48:28.279249,configuration_change,payment_processor,usr_696,e0142a3f-ede0-4bb9-8c08-781a8b9c8aee,140,True,PCI-DSS
AUD-000058,2025-11-25T01:22:26.279249,backup_completed,financial_system,usr_772,0a5b6a08-71a9-422a-b8bd-bb29580615df,998,True,PCI-DSS
AUD-000059,2025-11-14T02:17:54.279249,data_deletion,financial_system,usr_735,6d508cfc-4ee5-4dc7-bec9-aeacd51feb21,65,False,SOX
AUD-000060,2025-12-05T04:45:15.279249,data_access,audit_log_system,usr_592,d636d705-c7fc-496e-95df-cddfc3a7ece6,228,False,PCI-DSS
AUD-000061,2025-12-01T20:41:18.279249,data_modification,financial_system,usr_357,4f598512-9a22-4c89-b3c0-8bb7a815b074,513,True,SOX
AUD-000062,2025-11-13T14:29:46.279249,data_modification,patient_db,usr_634,9884a162-2c85-4b6d-b4d3-b041de8fb6e0,268,True,
AUD-000063,2025-11-16T06:10:19.279249,configuration_change,backup_system,usr_164,e64388ae-de0c-4797-a6de-003df56507d0,271,False,SOX
AUD-000064,2025-11-18T11:01:51.279249,permission_change,patient_db,usr_933,6b8bce7b-00ab-47d1-b643-748d5916ed87,992,True,HIPAA
AUD-000065,2025-11-19T03:31:04.279249,data_access,hr_system,usr_698,336482b7-e4d6-4a6f-a2a4-9b6bfffd3fbc,735,True,GDPR
AUD-000066,2025-11-16T20:07:04.279249,report_generation,audit_log_system,usr_575,a5747d23-f961-4dc8-b8c7-588da3c00335,642,True,PCI-DSS
AUD-000067,2025-11-26T20:40:33.279249,permission_change,hr_system,usr_355,0ba91de9-4e4a-45dc-8fcb-0d2f28023b12,331,True,HIPAA
AUD-000068,2025-11-15T10:23:08.279249,report_generation,financial_system,usr_640,a2014e33-2a73-4bc6-8267-4b4a6521902e,371,True,SOX
AUD-000069,2025-11-20T07:16:55.279249,backup_completed,patient_db,usr_988,50e5b521-dc5b-4fc4-9bed-d8a02d4eb72a,512,True,
AUD-000070,2025-11-20T00:11:58.279249,data_deletion,patient_db,usr_996,7c495641-687a-4d96-8006-93b582e70b68,136,True,SOX
AUD-000071,2025-12-11T15:05:53.279249,backup_completed,backup_system,usr_199,8d02de51-b362-425f-abf7-5e2e68b21cf4,983,True,
AUD-000072,2025-11-23T10:33:47.279249,data_access,backup_system,usr_601,b09c724d-6655-4d6c-a82e-13e4b3d071d5,595,True,GDPR
AUD-000073,2025-12-05T21:31:05.279249,restore_initiated,hr_system,usr_444,9d008753-52e6-401f-9660-b4981a70072e,986,False,HIPAA
AUD-000074,2025-12-11T13:45:11.279249,restore_initiated,backup_system,usr_526,286b78ae-2dd5-45aa-ac55-bfe34d0ca4ef,580,True,PCI-DSS
AUD-000075,2025-12-01T12:15:14.279249,configuration_change,financial_system,usr_321,bdd5e97f-f4ad-4e22-9c5e-5c5196193c40,807,True,PCI-DSS
AUD-000076,2025-11-25T14:01:43.279249,data_modification,hr_system,usr_516,46bb697b-0d58-4fd9-aff4-a92594381fac,17,False,PCI-DSS
AUD-000077,2025-11-23T20:09:05.279249,permission_change,audit_log_system,usr_557,2fd69c37-ef58-47f9-89b6-88bf23b25a7b,92,False,PCI-DSS
AUD-000078,2025-11-22T04:09:02.279249,configuration_change,hr_system,usr_950,37b2a29e-60c5-45e7-8e49-3af6fa35eef6,803,True,
AUD-000079,2025-11-18T01:08:24.279249,configuration_change,audit_log_system,usr_348,78a6b3cf-448b-4776-ade3-48a2743ab749,554,False,GDPR
AUD-000080,2025-12-03T09:27:56.279249,data_access,backup_system,usr_394,82f8d184-e858-4dbb-907a-614dae2208d5,502,False,SOX
AUD-000081,2025-11-28T23:15:45.279249,backup_completed,financial_system,usr_680,e5d0a26c-b506-4b30-a0ba-4b6c95f2c742,937,True,SOX
AUD-000082,2025-12-01T16:04:46.279249,configuration_change,audit_log_system,usr_226,423a758f-dc65-4b60-b66a-495b02df8707,647,True,SOX
AUD-000083,2025-11-28T03:18:21.279249,restore_initiated,backup_system,usr_461,9ceacb15-0a80-4293-a2db-30698d55f622,598,True,
AUD-000084,2025-12-10T05:42:33.279249,data_access,hr_system,usr_938,26d2f78d-bce7-4e33-908f-27b655c75290,826,True,HIPAA
AUD-000085,2025-11-15T04:53:00.279249,permission_change,audit_log_system,usr_380,d5b5c888-cdc5-44fb-b040-b019349cfec9,645,True,GDPR
AUD-000086,2025-11-20T05:11:35.279249,restore_initiated,patient_db,usr_819,e48059ca-a4c3-4293-9077-ca2f9d0d6b6b,794,True,
AUD-000087,2025-11-25T20:17:09.279249,data_deletion,backup_system,usr_514,8ece800a-e8fb-4cc9-94cf-eac6e43af2f0,468,True,GDPR
AUD-000088,2025-11-14T14:03:36.279249,restore_initiated,patient_db,usr_274,dd68430a-2338-45b6-9376-104250d2fa53,231,True,GDPR
AUD-000089,2025-11-17T17:22:30.279249,configuration_change,hr_system,usr_345,149213e2-bf7b-41a2-8eb0-46fbb20ba8fa,654,True,GDPR
AUD-000090,2025-11-18T15:29:23.279249,report_generation,hr_system,usr_529,2fe8ad41-6867-4fbd-905e-7156463a05d9,244,False,SOX
AUD-000091,2025-11-23T14:46:39.279249,permission_change,financial_system,usr_911,829c16fe-2ab7-4352-9525-b90cd9efc40f,759,False,PCI-DSS
AUD-000092,2025-11-29T14:47:15.279249,data_modification,backup_system,usr_114,bec0a811-f092-43a5-81aa-ab8519299424,636,True,GDPR
AUD-000093,2025-11-22T03:51:56.279249,data_deletion,payment_processor,usr_316,9b18f5df-360e-45b1-b795-2d2d02cabaae,437,False,SOX
AUD-000094,2025-11-23T15:41:49.279249,configuration_change,audit_log_system,usr_209,0568154a-73c6-49c6-972c-50c205595ad4,541,False,HIPAA
AUD-000095,2025-12-11T15:39:56.279249,permission_change,financial_system,usr_439,cd66f938-389d-4080-b306-a7efb1fcc65f,767,True,PCI-DSS
AUD-000096,2025-11-26T06:13:32.279249,backup_completed,backup_system,usr_760,c310fca2-80a8-430e-8fad-075020b06840,433,False,GDPR
AUD-000097,2025-12-10T23:20:00.279249,permission_change,patient_db,usr_583,cd1978b3-91ee-4d66-8f80-f94636b57e99,714,True,PCI-DSS
AUD-000098,2025-11-19T20:53:35.279249,data_deletion,backup_system,usr_489,4edfcece-43c3-454a-ab01-27896da67942,132,True,PCI-DSS
AUD-000099,2025-11-17T21:17:45.279249,backup_completed,hr_system,usr_158,9f3a5cd2-43cc-405c-adde-ead7d1086c09,828,True,PCI-DSS
AUD-000100,2025-11-13T21:00:30.279249,backup_completed,backup_system,usr_639,7de3e740-0a10-4a6c-bfb0-a87a8f1dc0e9,46,True,
AUD-000101,2025-11-18T14:28:33.279249,data_deletion,financial_system,usr_471,54780df8-2f21-4f0d-adea-facddf0120d3,483,True,
AUD-000102,2025-11-23T12:01:24.279249,configuration_change,patient_db,usr_726,0e9716e9-fe2a-4442-85e5-dffea91522fb,884,True,SOX
AUD-000103,2025-11-22T08:22:57.279249,permission_change,payment_processor,usr_832,1406e2eb-b1be-4049-8ab0-511d38a1c03d,544,False,
AUD-000104,2025-12-08T01:49:56.279249,report_generation,hr_system,usr_487,ff178178-ebf1-459d-a0e8-6def1220fedb,509,True,SOX
AUD-000105,2025-11-23T12:40:39.279249,configuration_change,backup_system,usr_345,15466fc6-b562-4414-862e-aa55a93af5b4,508,True,GDPR
AUD-000106,2025-11-29T03:44:01.279249,restore_initiated,patient_db,usr_154,51a4f028-6236-492b-936f-4d890aab2213,744,True,HIPAA
AUD-000107,2025-12-08T17:12:22.279249,backup_completed,audit_log_system,usr_998,f06df703-4174-41a7-ae5c-967d986a92ad,742,True,
AUD-000108,2025-11-12T14:54:27.279249,configuration_change,patient_db,usr_224,c0269313-911d-4a77-adc7-5efcc1352ebb,29,True,PCI-DSS
AUD-000109,2025-11-19T04:28:35.279249,permission_change,patient_db,usr_904,64b43cb3-ddb7-41e2-b185-4012363b1596,845,False,SOX
AUD-000110,2025-11-18T05:59:33.279249,restore_initiated,financial_system,usr_582,b5c709dc-3fc0-44e7-ab25-d354a53f0ae7,658,True,PCI-DSS
AUD-000111,2025-11-18T20:34:47.279249,data_modification,backup_system,usr_977,63eff5ad-ab0c-4e0a-90e0-7cb1595f528f,529,True,GDPR
AUD-000112,2025-11-17T23:02:05.279249,restore_initiated,payment_processor,usr_231,b55ae004-6ea7-4f4d-8ea3-6513a3d6f67e,704,False,GDPR
AUD-000113,2025-12-02T06:53:18.279249,data_modification,audit_log_system,usr_467,3f3eb6a1-0fa0-49d8-a969-8176aa7e3833,496,True,PCI-DSS
AUD-000114,2025-11-12T22:55:52.279249,permission_change,patient_db,usr_628,7a62a77c-1892-425b-b340-d7803aa5f1f5,298,False,GDPR
AUD-000115,2025-11-25T03:08:54.279249,data_deletion,patient_db,usr_395,eb216787-b893-457b-9ed2-ce43afdb0a62,521,True,
AUD-000116,2025-11-24T16:01:03.279249,permission_change,payment_processor,usr_706,7897a49e-a111-4194-b834-90a7b4c18a70,191,False,HIPAA
AUD-000117,2025-11-17T22:46:00.279249,report_generation,payment_processor,usr_889,273ca31a-81a2-478a-85cd-81915613189f,470,True,SOX
AUD-000118,2025-12-11T18:47:09.279249,report_generation,financial_system,usr_758,c9696c0f-24dc-45f0-9a30-bcec6d24eaa0,743,True,
AUD-000119,2025-11-13T19:39:50.279249,data_modification,backup_system,usr_666,6dc68f50-2247-4915-b13f-09ddcf9febdd,843,True,GDPR
AUD-000120,2025-11-30T13:35:40.279249,data_access,patient_db,usr_645,d2ecf472-be56-448e-b4c6-54e8480a2bbb,525,True,
AUD-000121,2025-12-06T07:08:05.279249,data_access,financial_system,usr_542,909a0d85-18db-43dd-9995-8cc7dd1b9329,725,False,GDPR
AUD-000122,2025-12-01T03:58:57.279249,report_generation,audit_log_system,usr_155,3013f6ba-3da7-4898-aa1a-435fc4974810,959,True,GDPR
AUD-000123,2025-12-05T07:22:09.279249,backup_completed,hr_system,usr_513,23146633-1951-4148-b8ee-795fe9ec6e3c,59,False,HIPAA
AUD-000124,2025-12-10T02:05:02.279249,data_deletion,financial_system,usr_153,b9cfe69f-474a-40d4-b76b-b075fda2de8b,514,True,PCI-DSS
AUD-000125,2025-12-06T07:56:24.279249,backup_completed,patient_db,usr_744,f1cd8565-d472-4ed0-9fc5-0e68415eec8d,248,True,SOX
AUD-000126,2025-12-02T10:44:32.279249,permission_change,patient_db,usr_577,2bfe2561-2987-410e-bb07-0e7b55dc2d74,500,True,HIPAA
AUD-000127,2025-12-10T18:49:40.279249,configuration_change,backup_system,usr_254,3ccd1599-ef2d-45fb-b53f-8fcb4daf87db,378,True,PCI-DSS
AUD-000128,2025-12-02T17:15:44.279249,data_access,patient_db,usr_138,1b238e1d-7cb0-4453-88d3-d5c38d654753,894,True,SOX
AUD-000129,2025-11-22T14:13:55.279249,report_generation,hr_system,usr_839,d8a8f0c9-1c08-45d3-a44a-8dae8fe44009,753,True,
AUD-000130,2025-11-30T09:13:55.279249,restore_initiated,payment_processor,usr_325,eb62ece7-b642-49a8-83ed-8e9590d23330,675,True,HIPAA
AUD-000131,2025-12-05T03:43:06.279249,report_generation,patient_db,usr_957,0f75425a-2fb2-4a9e-9e03-43c200a02c1e,271,True,SOX
AUD-000132,2025-12-09T16:05:39.279249,restore_initiated,patient_db,usr_139,40b678f3-7e3a-4844-af59-4090ed91ad6b,281,True,PCI-DSS
AUD-000133,2025-11-12T23:07:10.279249,data_deletion,hr_system,usr_847,6d4430dc-9c81-4082-b66c-cfb74393c604,298,False,
AUD-000134,2025-11-17T05:17:59.279249,data_access,financial_system,usr_404,e9d07d2c-0d1a-4e10-9811-be2164f23d39,977,True,SOX
AUD-000135,2025-11-24T16:20:41.279249,configuration_change,payment_processor,usr_842,37629d21-58b7-4fc0-b9c4-b27af43e9589,445,False,SOX
AUD-000136,2025-11-17T07:03:02.279249,permission_change,patient_db,usr_348,b9e0d7c3-5c57-448b-9bd0-4eee7716de72,721,True,PCI-DSS
AUD-000137,2025-11-26T13:12:50.279249,backup_completed,hr_system,usr_580,c8715be8-5c79-4562-8966-5651cf1ba670,620,False,
AUD-000138,2025-11-26T08:34:21.279249,data_modification,hr_system,usr_214,ac785ffa-738e-431f-9035-1e7755d50b6e,396,True,PCI-DSS
AUD-000139,2025-11-27T03:48:45.279249,configuration_change,backup_system,usr_941,df51d1cf-e69b-404e-bb5e-e505f954ecc9,796,True,SOX
AUD-000140,2025-11-13T16:47:02.279249,backup_completed,patient_db,usr_851,55b151a4-ee35-42cd-a2da-01d30dcd9eeb,61,False,GDPR
AUD-000141,2025-11-13T10:38:37.279249,backup_completed,hr_system,usr_441,97eadb4d-24f6-45c9-8535-5ff899061e6a,542,True,PCI-DSS
AUD-000142,2025-11-19T06:36:19.279249,backup_completed,audit_log_system,usr_868,932615ff-ac82-4394-8bc6-51df53fabb6b,202,True,
AUD-000143,2025-12-02T05:11:19.279249,configuration_change,audit_log_system,usr_607,5249a92a-c801-474d-a05a-78cfef6176e6,704,False,
AUD-000144,2025-11-18T07:08:34.279249,report_generation,patient_db,usr_723,86f6632e-7c32-477b-b758-caed57bd1deb,626,True,GDPR
AUD-000145,2025-12-07T09:22:19.279249,configuration_change,payment_processor,usr_516,081ed426-9746-4319-970f-fda6c56273f4,112,True,HIPAA
AUD-000146,2025-12-12T13:56:39.279249,data_modification,financial_system,usr_237,25aec38e-0f1f-4fa8-b80e-c9d989088518,642,True,GDPR
AUD-000147,2025-11-17T18:01:19.279249,configuration_change,patient_db,usr_859,66963f11-2219-4a2d-b59e-65f22b4c6ab2,104,True,
AUD-000148,2025-11-30T19:46:55.279249,permission_change,backup_system,usr_694,5656fe1e-b218-4b1b-ace5-2ad03956b35e,793,True,GDPR
AUD-000149,2025-11-15T16:08:33.279249,permission_change,backup_system,usr_916,b193e7dc-7a94-41f3-925b-eb918c5af01e,654,True,HIPAA
AUD-000150,2025-12-07T21:27:51.279249,data_modification,payment_processor,usr_826,a383f952-29ee-469b-b3cd-64098e4d03fd,117,True,GDPR
AUD-000151,2025-12-12T11:52:59.279249,backup_completed,payment_processor,usr_475,a233805a-9dda-4acb-8eb2-62912acf9ada,542,False,PCI-DSS
AUD-000152,2025-11-26T13:44:00.279249,permission_change,payment_processor,usr_817,7e00812b-3025-4dfb-8c5f-65c2f8e8d3e5,66,True,SOX
AUD-000153,2025-11-17T23:50:08.279249,data_modification,backup_system,usr_759,ce017fb5-3401-451b-b5fb-4b7f8848fc09,756,True,SOX
AUD-000154,2025-11-30T22:58:00.279249,permission_change,audit_log_system,usr_257,e164f8c3-faca-4898-9afa-87680f83b284,335,True,GDPR
AUD-000155,2025-12-01T14:03:40.279249,backup_completed,financial_system,usr_443,4386497d-cedb-4391-a72b-ef2ac77dea66,544,False,PCI-DSS
AUD-000156,2025-12-02T13:58:22.279249,data_access,hr_system,usr_852,5df78395-11e1-46d1-b0b1-1436a7553561,990,True,GDPR
AUD-000157,2025-11-30T19:24:41.279249,data_access,payment_processor,usr_628,3ccb92b4-fc4c-4360-8c38-5a7f5b462c2d,478,True,
AUD-000158,2025-12-11T01:18:25.279249,configuration_change,patient_db,usr_260,1b468b09-b5fa-4d84-96e5-ab797a60d98d,375,True,HIPAA
AUD-000159,2025-12-05T18:15:19.279249,permission_change,hr_system,usr_574,eb7f546b-b68c-4089-82c6-144ff5913658,996,True,GDPR
AUD-000160,2025-11-13T09:42:48.279249,restore_initiated,backup_system,usr_393,bcc5f5b6-e97d-40ff-bf60-cda62e6a13e5,828,True,HIPAA
AUD-000161,2025-11-21T02:10:53.279249,restore_initiated,financial_system,usr_998,c4f54db7-3d55-4fdf-a625-fe5fbd321694,65,True,GDPR
AUD-000162,2025-11-27T14:39:18.279249,restore_initiated,financial_system,usr_826,2c335466-52be-4cbc-8edd-78cd0aad67e4,807,True,HIPAA
AUD-000163,2025-11-21T03:31:17.279249,data_modification,hr_system,usr_929,b27d5485-3fc8-4890-8ab7-f11a6d0d0fa6,520,False,
AUD-000164,2025-11-30T18:02:15.279249,configuration_change,backup_system,usr_405,1f4d1501-754c-4879-ac71-f79b6157d31f,227,True,
AUD-000165,2025-11-23T16:08:12.279249,permission_change,patient_db,usr_831,bd757430-e3cd-4b0b-bdc1-3abb36de040e,953,False,PCI-DSS
AUD-000166,2025-11-24T04:51:24.279249,data_modification,financial_system,usr_479,822a4705-f3fa-4c4e-b05e-16b5a42e0506,53,True,PCI-DSS
AUD-000167,2025-11-22T10:05:44.279249,permission_change,hr_system,usr_291,d7ce46ef-304e-4ee1-96f5-9cc59e79f6aa,504,True,GDPR
AUD-000168,2025-11-29T09:26:46.279249,report_generation,patient_db,usr_417,7e14742d-4ab9-4ee5-ac90-dbcf114643fa,419,True,PCI-DSS
AUD-000169,2025-11-14T00:50:34.279249,backup_completed,patient_db,usr_126,174e8f88-de87-4a13-938a-cc448ced05f6,820,True,HIPAA
AUD-000170,2025-12-01T00:57:08.279249,permission_change,patient_db,usr_899,c13c3f30-ebf9-491e-812c-666fd125201a,121,False,HIPAA
AUD-000171,2025-11-29T18:09:01.279249,data_access,audit_log_system,usr_132,a0d98487-83a3-4ca5-9ad2-0a50c3136a05,75,True,HIPAA
AUD-000172,2025-11-29T09:02:00.279249,restore_initiated,hr_system,usr_321,ab413975-273a-4c72-880a-b51e5bdd9917,160,True,HIPAA
AUD-000173,2025-11-12T20:16:21.279249,restore_initiated,financial_system,usr_956,d9001b5c-c769-47ea-ab93-ea80026081cc,119,True,PCI-DSS
AUD-000174,2025-11-13T08:41:24.279249,permission_change,hr_system,usr_294,e1d39ced-4439-463a-a420-30119cdb36f3,590,True,PCI-DSS
AUD-000175,2025-11-24T06:53:18.279249,restore_initiated,financial_system,usr_131,8d29eae7-05a2-4a6a-83b0-85a41eca5ba9,468,True,SOX
AUD-000176,2025-12-11T05:37:53.279249,restore_initiated,payment_processor,usr_786,f8ea5f3b-3e47-4883-8682-cd7875a94fec,451,True,GDPR
AUD-000177,2025-11-17T07:53:57.279249,data_deletion,financial_system,usr_622,40f214ba-1182-4372-8460-dcccdb16dcda,614,True,SOX
AUD-000178,2025-11-20T19:08:05.279249,restore_initiated,payment_processor,usr_363,dda51062-7680-4533-9331-4cc57cd3e45c,364,True,PCI-DSS
AUD-000179,2025-12-09T14:59:42.279249,data_access,financial_system,usr_384,3679e9e9-3331-4fef-83b5-0a84aa97d19d,480,False,SOX
AUD-000180,2025-12-10T15:59:52.279249,data_modification,payment_processor,usr_884,7ad8fc67-3f51-423b-938f-847c96cdd34a,414,True,GDPR
AUD-000181,2025-11-23T12:21:46.279249,configuration_change,financial_system,usr_878,3a4581b3-3986-4ec2-befb-78fd66550bcd,103,True,SOX
AUD-000182,2025-12-12T01:27:59.279249,permission_change,patient_db,usr_957,dbf6d2e0-83c3-4747-a1fd-19c2d2c6c1b3,866,True,HIPAA
AUD-000183,2025-12-06T08:51:46.279249,restore_initiated,financial_system,usr_634,6be9d919-7b36-47ad-9a55-6f1d04216856,26,True,PCI-DSS
AUD-000184,2025-12-11T11:11:38.279249,permission_change,audit_log_system,usr_530,a2fd9ea2-1b16-4280-a319-05a7d93f01b7,903,True,SOX
AUD-000185,2025-11-15T15:54:29.279249,report_generation,patient_db,usr_289,4f11e371-ab63-42d2-9155-ecc0d78d9218,315,True,
AUD-000186,2025-11-13T05:08:45.279249,report_generation,hr_system,usr_147,7a1a759d-bcf3-406a-8130-2b61bf5819e0,41,False,
AUD-000187,2025-11-12T22:23:16.279249,permission_change,hr_system,usr_536,5e1d1b36-6945-4239-a934-94540800c088,687,True,
AUD-000188,2025-12-08T00:01:04.279249,backup_completed,backup_system,usr_121,aa5cb7fc-b30c-40b7-868e-20f0d5aa50e0,723,True,
AUD-000189,2025-12-10T16:03:59.279249,data_deletion,audit_log_system,usr_201,4d70fb3b-9e1b-4939-aaaf-3df3c19932ac,155,True,GDPR
AUD-000190,2025-12-12T10:52:58.279249,backup_completed,patient_db,usr_723,ece44d2c-d58c-430b-bd8c-da4c61705bc8,573,False,HIPAA
AUD-000191,2025-11-24T15:11:43.279249,data_deletion,audit_log_system,usr_418,03abb120-da5c-45b1-b83e-3210229e73b5,5,True,SOX
AUD-000192,2025-12-05T01:37:37.279249,data_access,hr_system,usr_490,6fd1a355-7ba5-455f-ab92-7f2dd47b050b,724,False,HIPAA
AUD-000193,2025-12-11T02:06:03.279249,report_generation,payment_processor,usr_943,4d919b95-b74c-49e0-816f-8b9697b6c590,170,True,
AUD-000194,2025-12-11T22:32:42.279249,data_deletion,audit_log_system,usr_499,a462c195-28c5-4222-ae99-439f051cbb2f,534,True,
AUD-000195,2025-11-28T15:58:46.279249,restore_initiated,payment_processor,usr_652,f8dec6ea-498d-4305-97d4-118bcdbd5281,963,True,HIPAA
AUD-000196,2025-12-03T07:35:36.279249,permission_change,hr_system,usr_689,56267345-c525-40de-a3a7-7710686d22b5,556,True,HIPAA
AUD-000197,2025-12-12T13:38:12.279249,data_access,hr_system,usr_263,59aedec6-0e73-449f-ac21-0cf8af564e77,670,True,HIPAA
AUD-000198,2025-11-13T07:11:36.279249,backup_completed,audit_log_system,usr_725,a5b144f7-3a1b-4dbd-9554-122365adfe78,382,True,SOX
AUD-000199,2025-11-30T11:48:56.279249,data_access,audit_log_system,usr_531,7a97b32e-6443-42f8-af0c-766a727262f8,376,True,
AUD-000200,2025-11-12T16:47:58.279249,data_access,audit_log_system,usr_767,1203ce7c-c7a9-4908-9a40-56f45d5c9fbe,748,True,
AUD-000201,2025-12-07T03:56:12.279249,permission_change,hr_system,usr_335,de36c748-a18d-4236-83d6-88e279cb0a98,582,True,GDPR
AUD-000202,2025-11-28T00:35:03.279249,permission_change,audit_log_system,usr_888,2005de3e-4ece-4e1c-bb87-f69934dc06e8,681,True,SOX
AUD-000203,2025-12-06T11:13:58.279249,report_generation,hr_system,usr_179,9458bd0d-9a3e-4fec-91ea-55f57790a51b,102,True,PCI-DSS
AUD-000204,2025-11-23T07:44:27.279249,permission_change,audit_log_system,usr_203,aa34c659-c770-42f9-9c06-00cc6d26f652,921,True,HIPAA
AUD-000205,2025-11-22T13:58:39.279249,configuration_change,payment_processor,usr_566,cf97f60d-3cb1-45c5-bc47-14e25d5783da,910,True,PCI-DSS
AUD-000206,2025-11-20T02:42:56.279249,data_modification,patient_db,usr_540,35699c8e-79a3-46d2-93ae-c2034d9483f2,214,True,HIPAA
AUD-000207,2025-11-15T04:50:20.279249,report_generation,payment_processor,usr_631,ea305761-bdfb-4a6f-852e-a322d9855a8b,194,False,
AUD-000208,2025-12-06T06:27:33.279249,report_generation,hr_system,usr_486,52ae2e0e-f68d-426c-9b32-82cc37c9e9c3,461,False,
AUD-000209,2025-11-23T18:31:19.279249,data_modification,payment_processor,usr_640,4dd9bb01-a3e6-4e22-a950-03ace3903b17,933,True,SOX
AUD-000210,2025-11-21T09:17:07.279249,report_generation,patient_db,usr_882,445c54bc-dec7-484c-8bb4-1791841b451f,48,False,SOX
AUD-000211,2025-11-18T14:28:39.279249,data_access,financial_system,usr_985,419412bd-9c1a-409b-80fa-3edeaca15a40,503,True,GDPR
AUD-000212,2025-11-15T20:07:58.279249,data_access,hr_system,usr_386,6da9739a-861d-4de8-afc9-d2f50b26f805,712,True,PCI-DSS
AUD-000213,2025-11-28T22:21:42.279249,data_modification,hr_system,usr_270,b72fb611-6bb9-4b9b-8b9e-6d27d8349ad2,895,True,GDPR
AUD-000214,2025-12-02T23:34:40.279249,permission_change,patient_db,usr_275,3483e9cf-5f9e-4ee7-ab15-4cdff107de33,538,True,
AUD-000215,2025-11-21T16:06:58.279249,data_access,backup_system,usr_496,83a9e411-ccf6-4d31-91ff-a63a6c7bcd98,704,True,SOX
AUD-000216,2025-11-15T20:55:21.279249,configuration_change,backup_system,usr_813,3456e412-3273-4625-9754-b0f76f3c062c,743,False,SOX
AUD-000217,2025-12-02T17:07:29.279249,data_modification,backup_system,usr_593,031a5c36-1770-4539-bfe6-28199ef1c7a1,596,True,PCI-DSS
AUD-000218,2025-11-21T15:41:34.279249,data_modification,payment_processor,usr_502,7b35e686-9f50-4d76-bb0e-3f6f1b648fbc,276,False,HIPAA
AUD-000219,2025-12-07T06:12:07.279249,restore_initiated,payment_processor,usr_236,e7442055-1e68-48a6-aead-2eb288dfe841,520,True,
AUD-000220,2025-11-20T03:51:31.279249,report_generation,audit_log_system,usr_871,c5f94ad5-042c-471d-9441-8d4f698efd53,848,True,
AUD-000221,2025-11-24T07:32:30.279249,permission_change,patient_db,usr_428,421d5d9c-d99c-4a02-9344-919fdae41e16,47,False,
AUD-000222,2025-12-07T10:26:35.279249,data_access,audit_log_system,usr_627,58e3663c-5b05-4f5a-b541-bb6015078ed4,356,True,PCI-DSS
AUD-000223,2025-11-17T12:17:55.279249,restore_initiated,backup_system,usr_369,fd1da609-a6ac-4165-b389-23bc3f1c874b,548,False,SOX
AUD-000224,2025-11-18T12:17:38.279249,restore_initiated,patient_db,usr_930,a8c0daae-8eba-4f2b-ba3c-35198330709d,660,True,SOX
AUD-000225,2025-11-21T17:54:26.279249,report_generation,backup_system,usr_361,ab38cdab-92dd-4eda-8fc5-9a1adc9fe968,958,True,
AUD-000226,2025-11-20T16:59:40.279249,data_modification,financial_system,usr_782,4457e763-bab3-41d7-991a-b83092831d95,473,True,HIPAA
AUD-000227,2025-11-19T03:56:00.279249,data_modification,payment_processor,usr_399,4566d801-be13-4a33-af9b-ce853bbc132b,21,True,PCI-DSS
AUD-000228,2025-12-09T02:04:12.279249,data_modification,financial_system,usr_604,f291df1d-9d5a-491b-9602-a2b8edb1bff6,310,True,SOX
AUD-000229,2025-12-04T04:47:47.279249,data_deletion,audit_log_system,usr_802,e0605ed3-512a-466f-9d80-a90fe98578b4,294,True,GDPR
AUD-000230,2025-11-18T17:53:14.279249,data_deletion,hr_system,usr_885,eaacd60d-9198-4d20-94e4-59a650ec1ba4,725,False,GDPR
AUD-000231,2025-11-28T11:40:08.279249,data_modification,payment_processor,usr_607,0bac6b21-85d6-4320-b6d0-1e0d0edc468d,803,True,PCI-DSS
AUD-000232,2025-11-22T01:01:49.279249,backup_completed,backup_system,usr_106,a08d562e-9754-401b-8f4d-87561a56d6b1,807,False,PCI-DSS
AUD-000233,2025-11-18T17:35:32.279249,permission_change,patient_db,usr_179,82f7cb16-04d1-4b54-af2f-a647f2878990,143,True,
AUD-000234,2025-11-19T08:18:02.279249,data_modification,hr_system,usr_868,05359ec6-045a-4be0-ad38-4a7e564f05f5,78,True,
AUD-000235,2025-12-09T04:11:10.279249,backup_completed,backup_system,usr_435,e08c72bc-572d-4db3-9648-a32b582cb36f,823,False,
AUD-000236,2025-11-26T11:02:02.279249,restore_initiated,hr_system,usr_884,2f5e54f8-24ee-4c18-82bb-1452014c5453,556,True,
AUD-000237,2025-11-23T16:09:24.279249,permission_change,patient_db,usr_182,c0ae8dab-7c1e-445a-94d1-7aea9f0ace7c,546,False,GDPR
AUD-000238,2025-11-22T05:54:31.279249,backup_completed,financial_system,usr_841,ff015db9-5b4f-4e78-bc1d-d091afe983d0,927,True,HIPAA
AUD-000239,2025-11-17T11:21:20.279249,permission_change,backup_system,usr_616,ebed7d5c-a3f7-467e-ba68-b8bdb677a58f,981,True,SOX
AUD-000240,2025-11-16T23:12:13.279249,report_generation,backup_system,usr_232,9bafc42d-4cb1-46da-a932-2e60c5bfb46d,638,False,PCI-DSS
AUD-000241,2025-12-03T17:31:56.279249,permission_change,patient_db,usr_192,f686e107-12ab-404c-879c-6ee77d94b109,233,True,SOX
AUD-000242,2025-11-30T13:24:55.279249,data_modification,backup_system,usr_193,e78a17ab-80a6-4d20-9ce0-8a235198176a,205,True,SOX
AUD-000243,2025-11-26T15:17:00.279249,backup_completed,backup_system,usr_155,19155f77-ed66-4897-badc-7213d3c8ad65,729,False,HIPAA
AUD-000244,2025-11-30T09:46:51.279249,data_access,audit_log_system,usr_426,0703ba76-482a-45da-a040-8f8dbcfd63e0,425,False,SOX
AUD-000245,2025-11-21T02:31:52.279249,data_deletion,patient_db,usr_842,52cefcdb-c07b-42df-bc16-414f6704a2b0,415,True,SOX
AUD-000246,2025-11-14T09:59:43.279249,backup_completed,backup_system,usr_516,f6ad4f4c-ef57-4966-8f99-ae8be5007cf8,46,True,HIPAA
AUD-000247,2025-11-29T08:22:28.279249,report_generation,payment_processor,usr_690,e16b93ff-5529-497a-858f-f37d5f2d3586,651,True,PCI-DSS
AUD-000248,2025-12-09T20:35:44.279249,configuration_change,hr_system,usr_366,4bb97af5-8054-4f06-bd10-ceabbeb7cacc,585,False,GDPR
AUD-000249,2025-12-06T06:32:42.279249,data_modification,financial_system,usr_284,5aefeece-6fee-4bdf-9ad3-c8d2d6ff055b,790,True,
AUD-000250,2025-12-02T20:39:26.279249,configuration_change,audit_log_system,usr_119,51d8d30e-63b6-4b5d-b152-1f3c266e35db,122,True,PCI-DSS
AUD-000251,2025-12-02T17:30:24.279249,permission_change,financial_system,usr_523,4ef45b65-b6ec-4d0f-9e5f-445e8c6e9a7c,68,False,HIPAA
AUD-000252,2025-11-29T08:56:47.279249,restore_initiated,payment_processor,usr_164,4c2adf3e-f8b2-4c0b-b1c8-b586606e9af8,841,False,PCI-DSS
AUD-000253,2025-12-05T13:58:30.279249,report_generation,audit_log_system,usr_642,b9da8748-6502-427f-8afa-07ae252c2261,577,False,SOX
AUD-000254,2025-11-15T05:12:15.279249,data_deletion,payment_processor,usr_498,556beeac-29f8-4566-804e-814d33b3f5f8,76,True,
AUD-000255,2025-11-28T20:47:50.279249,data_access,audit_log_system,usr_943,4985d412-ea2c-4ad7-b933-91a9dc3320aa,863,True,HIPAA
AUD-000256,2025-12-11T15:25:44.279249,restore_initiated,financial_system,usr_415,a81798ec-8ed0-4e23-bb51-3948f41e93ac,413,False,GDPR
AUD-000257,2025-11-28T17:27:23.279249,permission_change,payment_processor,usr_985,fc3e823a-09db-4830-8230-e34c0af7828b,504,True,SOX
AUD-000258,2025-12-03T22:32:41.279249,restore_initiated,financial_system,usr_253,3babc77f-f3fc-479c-ae02-fc313d7761c9,334,True,HIPAA
AUD-000259,2025-12-01T03:18:23.279249,backup_completed,audit_log_system,usr_413,ebe6cbef-f259-4495-b45d-1a6254ebb8da,183,True,
AUD-000260,2025-11-15T11:31:31.279249,configuration_change,hr_system,usr_234,557deb39-0acb-4dfe-a66b-8a406134d321,262,True,GDPR
AUD-000261,2025-11-30T22:07:06.279249,permission_change,audit_log_system,usr_896,07ae0978-ba68-42c5-b972-78dfc8c60d93,64,True,HIPAA
AUD-000262,2025-12-01T11:45:37.279249,restore_initiated,audit_log_system,usr_534,73fb0ebb-8cf2-41fd-8ce4-65ca952eee91,206,True,GDPR
AUD-000263,2025-12-03T13:53:36.279249,configuration_change,payment_processor,usr_916,e768e7cb-2c69-4b42-b345-5016b34d0107,526,True,GDPR
AUD-000264,2025-11-30T23:23:02.279249,data_modification,audit_log_system,usr_974,d4cd8c47-64c7-41d1-99dc-3d3757e3995e,853,False,
AUD-000265,2025-11-26T21:22:00.279249,data_access,financial_system,usr_654,b32003a6-a016-40a6-80bf-2d671fb62914,306,True,GDPR
AUD-000266,2025-12-03T15:28:47.279249,data_access,payment_processor,usr_507,b010de71-2704-4fe9-b5ce-3eaa8d425e6f,508,False,
AUD-000267,2025-11-19T05:30:01.279249,restore_initiated,backup_system,usr_916,2e98154b-1554-43d5-9b49-830bddf63e05,385,True,PCI-DSS
AUD-000268,2025-11-20T01:37:14.279249,data_deletion,audit_log_system,usr_241,dca0edb2-32cf-4c42-965f-2c31605fa16a,231,True,
AUD-000269,2025-11-29T07:17:08.279249,permission_change,patient_db,usr_923,8acef18b-2f42-435e-a64c-79adc35e7546,810,True,HIPAA
AUD-000270,2025-12-06T23:24:33.279249,data_deletion,payment_processor,usr_313,0a5f152f-d112-4f25-808a-0be111007a28,622,False,
AUD-000271,2025-12-03T21:33:22.279249,data_deletion,payment_processor,usr_717,7cac9f44-bf58-445e-a500-302f5da34849,980,True,HIPAA
AUD-000272,2025-11-30T23:50:06.279249,permission_change,payment_processor,usr_120,e2ebc714-debb-4781-a360-363cb6b7e03d,191,False,PCI-DSS
AUD-000273,2025-12-06T01:20:36.279249,data_deletion,patient_db,usr_475,cc7bf3b7-cd58-4f32-baed-2a3a58e25beb,727,True,GDPR
AUD-000274,2025-12-06T15:30:15.279249,configuration_change,financial_system,usr_144,d3c28841-d23e-475c-8b55-75938543a6c9,414,True,
AUD-000275,2025-12-05T03:19:19.279249,restore_initiated,backup_system,usr_155,eaeb7519-1c6e-4d00-b3d2-579446fa3b12,554,False,GDPR
AUD-000276,2025-11-22T20:18:26.279249,data_access,audit_log_system,usr_115,3c6dd695-eab5-4644-9012-af3ca3787d6b,201,True,PCI-DSS
AUD-000277,2025-11-21T21:07:53.279249,configuration_change,hr_system,usr_235,8620d8fd-8ec9-4141-9d3e-a6254ed96638,75,True,GDPR
AUD-000278,2025-12-10T00:15:20.279249,configuration_change,backup_system,usr_406,2cb89b58-14db-48f2-aef3-8861946005b3,960,True,SOX
AUD-000279,2025-12-07T11:19:11.279249,backup_completed,backup_system,usr_516,e7159978-c90e-48bc-8227-aad59e381e45,981,True,PCI-DSS
AUD-000280,2025-11-26T15:18:32.279249,data_deletion,audit_log_system,usr_200,0acecd46-02ee-41ca-9b6f-525f4effabf6,877,True,
AUD-000281,2025-11-14T11:42:04.279249,permission_change,financial_system,usr_859,14b432ea-6a49-4307-a2b7-558756f8cea4,460,False,PCI-DSS
AUD-000282,2025-11-24T08:12:10.279249,data_access,backup_system,usr_247,1b5f0cf3-2da7-4b0a-a3e5-a6e39a25def6,752,True,SOX
AUD-000283,2025-12-12T13:46:52.279249,report_generation,payment_processor,usr_150,0fc979fa-e3d4-4e1f-a984-bb4b0c83b05d,211,True,HIPAA
AUD-000284,2025-11-27T07:52:02.279249,restore_initiated,financial_system,usr_214,5b67dfbb-6de7-4642-ae1c-6e4f8db8bd7f,1,True,GDPR
AUD-000285,2025-11-14T01:13:05.279249,report_generation,financial_system,usr_282,adfaf660-169d-4daf-8d72-7039c7baf988,59,False,
AUD-000286,2025-12-03T20:32:42.279249,data_deletion,audit_log_system,usr_501,e364f994-d63c-459b-a710-78b4af15531d,902,True,SOX
AUD-000287,2025-11-22T22:05:01.279249,report_generation,hr_system,usr_440,c5f24bc8-66f8-4152-aa85-cfde653dcf71,212,True,GDPR
AUD-000288,2025-11-22T13:50:03.279249,configuration_change,patient_db,usr_548,0988d47f-2818-4223-adbc-2716ec27e493,504,False,HIPAA
AUD-000289,2025-12-02T02:06:46.279249,backup_completed,financial_system,usr_817,1c6f8168-7f04-454a-81e3-9baea2dd116d,189,False,SOX
AUD-000290,2025-11-22T07:42:05.279249,restore_initiated,audit_log_system,usr_279,368b6807-a39c-41a9-8f14-e7c7801c70d9,576,False,GDPR
AUD-000291,2025-12-10T15:36:07.279249,data_modification,patient_db,usr_233,c672b8e3-ab9f-4419-b905-8c489437efb1,334,True,GDPR
AUD-000292,2025-11-12T22:38:37.279249,configuration_change,payment_processor,usr_869,a88b0c30-c222-4a0a-95f3-e14b3ffea1cb,7,True,HIPAA
AUD-000293,2025-11-13T03:42:29.279249,data_access,payment_processor,usr_324,da21a1b2-40de-43ab-b158-68027207d730,390,True,HIPAA
AUD-000294,2025-12-06T15:14:57.279249,configuration_change,patient_db,usr_785,0346e4b5-c0bb-4edc-a256-f9362912016e,846,True,HIPAA
AUD-000295,2025-12-09T04:41:54.279249,configuration_change,audit_log_system,usr_784,ad10dcd3-dfcd-4247-8ea8-dff5ebe3314e,803,True,SOX
AUD-000296,2025-12-07T17:54:35.279249,configuration_change,audit_log_system,usr_190,40eea1ec-f682-4d2a-9068-6370ca01041c,575,True,SOX
AUD-000297,2025-11-24T17:37:18.279249,data_deletion,audit_log_system,usr_743,39eeb29d-898d-423e-b8d2-d5f1f900753f,169,True,GDPR
AUD-000298,2025-12-03T20:23:52.279249,data_access,audit_log_system,usr_488,827fc88c-14d0-4c89-9755-e069ba39ccd0,651,True,GDPR
AUD-000299,2025-11-25T23:34:37.279249,permission_change,hr_system,usr_645,0482c8fc-1c27-4ed5-a330-336a07ee6d85,224,False,SOX
AUD-000300,2025-11-22T04:16:33.279249,report_generation,patient_db,usr_510,c9ed76f2-f305-4533-9680-ff95a01c63fe,811,True,SOX
AUD-000301,2025-11-18T07:14:23.279249,restore_initiated,hr_system,usr_544,c6e48de5-ea3b-4721-8111-acf079646cb6,287,True,HIPAA
AUD-000302,2025-12-07T13:53:33.279249,data_access,audit_log_system,usr_350,71a651a1-b21d-4d94-9837-c33b324aa0fc,208,True,GDPR
AUD-000303,2025-12-04T18:39:28.279249,configuration_change,hr_system,usr_343,c2e3f9f9-22c4-4145-bf23-d4eea37e61f1,491,False,PCI-DSS
AUD-000304,2025-12-05T22:01:36.279249,data_modification,backup_system,usr_590,e3b52141-b792-4344-bd00-e5fe4f4acc31,155,True,GDPR
AUD-000305,2025-11-19T01:12:08.279249,data_modification,audit_log_system,usr_211,3b0762db-b3fe-4d38-bbde-fe868749bb37,914,True,PCI-DSS
AUD-000306,2025-12-01T05:55:44.279249,backup_completed,payment_processor,usr_600,6db9d75a-d37d-4dba-9f24-94d480c49be3,446,True,HIPAA
AUD-000307,2025-11-28T11:02:40.279249,backup_completed,hr_system,usr_911,8045ba59-931e-4254-93c4-5cdf9711863b,347,True,
AUD-000308,2025-11-21T12:32:24.279249,restore_initiated,backup_system,usr_519,5cb30b4b-db21-4ccc-a11d-51c3d55a3dfc,456,True,HIPAA
AUD-000309,2025-12-09T14:41:05.279249,permission_change,payment_processor,usr_763,824c8a0b-fe2d-48e5-b8dc-bcdda5b533d9,227,True,SOX
AUD-000310,2025-12-03T20:58:31.279249,data_access,audit_log_system,usr_815,e51b61ce-df24-4a3a-a908-f7a1a35208af,284,True,GDPR
AUD-000311,2025-12-05T01:30:32.279249,restore_initiated,payment_processor,usr_949,b3314d79-d107-4679-8c5c-2ddc87c48696,847,False,SOX
AUD-000312,2025-12-08T15:25:54.279249,data_access,financial_system,usr_994,e49d62bb-6bee-4efc-8353-ecd55bb2e4cd,324,True,
AUD-000313,2025-12-03T04:50:10.279249,data_deletion,hr_system,usr_883,d1eab286-e936-42ae-9237-9eaaae4b74f6,958,True,HIPAA
AUD-000314,2025-12-02T19:42:18.279249,configuration_change,backup_system,usr_420,1927750a-e094-42b5-8ec2-0d0bd9cfef9a,809,True,PCI-DSS
AUD-000315,2025-11-24T10:19:16.279249,report_generation,payment_processor,usr_218,219e4131-ea24-4c0f-bd4f-e76ca59cd929,310,True,PCI-DSS
AUD-000316,2025-11-26T03:39:07.279249,data_deletion,backup_system,usr_735,cb1b9146-27d7-4460-ba4a-7688fe078902,772,True,PCI-DSS
AUD-000317,2025-11-13T17:06:36.279249,restore_initiated,financial_system,usr_438,c14e19df-52fa-4154-9831-698548a3c2d0,639,True,GDPR
AUD-000318,2025-12-03T19:26:56.279249,restore_initiated,backup_system,usr_529,bc8977ca-d3f2-4e13-95e9-d1ec7942a1ee,402,True,HIPAA
AUD-000319,2025-11-14T15:38:20.279249,backup_completed,hr_system,usr_448,6a148274-a19b-42ae-99c9-dacbe26afa72,869,True,GDPR
AUD-000320,2025-11-17T21:42:34.279249,backup_completed,financial_system,usr_615,2b2acef0-63ba-4b16-8400-9e041026af4d,478,True,
AUD-000321,2025-11-23T09:24:28.279249,configuration_change,financial_system,usr_269,c63a2831-ddeb-4fb1-a705-8cddb0cb201e,803,True,HIPAA
AUD-000322,2025-12-08T08:19:37.279249,data_access,audit_log_system,usr_867,1cd40ad9-ddc4-4a18-816f-eca024fdd4ef,507,True,SOX
AUD-000323,2025-11-24T07:38:56.279249,data_modification,audit_log_system,usr_342,5d32a068-cbf5-494f-b8df-e5e6cd929001,965,True,GDPR
AUD-000324,2025-11-15T17:56:17.279249,configuration_change,financial_system,usr_920,9e9fc9b5-feb8-4c97-bc72-0779a659e4fa,280,True,GDPR
AUD-000325,2025-12-11T01:08:39.279249,data_modification,financial_system,usr_161,9c0f0932-7066-4227-b94a-94fabc514361,120,False,GDPR
AUD-000326,2025-11-13T19:35:14.279249,report_generation,hr_system,usr_450,81a43668-8507-4806-b2a6-2dd7fbc354dc,341,True,GDPR
AUD-000327,2025-11-19T15:25:05.279249,data_deletion,backup_system,usr_728,e6c00c28-9135-49ed-9c78-bb19f8cfcfcb,355,True,
AUD-000328,2025-11-14T01:36:53.279249,permission_change,backup_system,usr_956,333501be-b3ba-495a-bbd7-e7eac6a8064b,514,True,PCI-DSS
AUD-000329,2025-11-16T20:38:38.279249,backup_completed,payment_processor,usr_530,84b16014-1efb-4ed7-8da4-f9170618fe50,798,True,HIPAA
AUD-000330,2025-12-12T04:07:09.279249,permission_change,hr_system,usr_828,f27f6482-0d81-408c-9751-af2ae2e35cf5,816,False,SOX
AUD-000331,2025-12-01T15:35:28.279249,restore_initiated,hr_system,usr_328,42d86790-8bda-4698-9b82-c57b6fad6e09,650,True,PCI-DSS
AUD-000332,2025-12-06T06:00:19.279249,permission_change,financial_system,usr_719,1114013f-381e-4164-9c0e-b758dc1d260b,760,True,
AUD-000333,2025-11-16T17:44:50.279249,permission_change,hr_system,usr_341,9002f43a-d8ed-4c76-8ab8-c14e55b240f7,498,True,PCI-DSS
AUD-000334,2025-12-07T16:05:54.279249,configuration_change,backup_system,usr_182,0002447e-be3d-40f6-9c70-002f6eac1685,684,True,
AUD-000335,2025-11-24T17:50:35.279249,permission_change,hr_system,usr_783,3bdd0549-b5e1-42f5-95a4-f4b5243307a5,360,False,
AUD-000336,2025-11-21T20:03:02.279249,configuration_change,payment_processor,usr_269,1f4ef7ff-f4f2-4de0-b4e5-f8f17d2d4898,179,True,GDPR
AUD-000337,2025-11-23T01:01:52.279249,configuration_change,audit_log_system,usr_888,2af43eef-618e-4887-91f5-cd9d6cd2b4d1,879,False,HIPAA
AUD-000338,2025-12-01T12:55:27.279249,report_generation,patient_db,usr_181,94fde926-33e2-4c71-bdda-4db14ef34641,984,True,HIPAA
AUD-000339,2025-12-06T22:57:13.279249,data_deletion,audit_log_system,usr_532,ea37bb45-2864-4c45-9a31-c716a17ab7c9,223,True,HIPAA
AUD-000340,2025-11-14T11:51:47.279249,backup_completed,payment_processor,usr_276,d0322520-8082-4466-9d71-279d51124b9e,390,True,
AUD-000341,2025-12-01T04:14:18.279249,data_modification,financial_system,usr_454,fec43405-36fa-41c6-be8c-7e1ddaa1aa6a,157,False,GDPR
AUD-000342,2025-11-12T16:07:24.279249,data_modification,audit_log_system,usr_288,508af8f7-ec31-475f-a333-42ef27f9264d,215,False,HIPAA
AUD-000343,2025-11-18T02:34:05.279249,restore_initiated,payment_processor,usr_905,da976797-60d3-4628-b594-8145b6b42791,472,True,SOX
AUD-000344,2025-11-15T02:36:10.279249,configuration_change,payment_processor,usr_907,2d04b077-5139-4dc6-87c6-576e1489597d,782,False,HIPAA
AUD-000345,2025-11-25T00:46:41.279249,data_modification,financial_system,usr_617,24487402-12c4-4a16-9b7d-312c306fc7ce,296,True,SOX
AUD-000346,2025-11-18T23:41:37.279249,backup_completed,financial_system,usr_469,1112f8da-6310-40fd-9dea-46c553db693e,368,True,GDPR
AUD-000347,2025-12-01T05:04:47.279249,data_access,financial_system,usr_283,a09f5fd1-f811-468d-8964-d64dbad4f978,762,True,GDPR
AUD-000348,2025-11-13T01:05:34.279249,data_access,patient_db,usr_461,5e1f2184-3c90-424b-be2a-e92f4374d870,694,True,GDPR
AUD-000349,2025-11-21T19:08:01.279249,permission_change,patient_db,usr_239,89347981-2dd2-4017-8cd0-6f6f36cf7d22,805,False,PCI-DSS
AUD-000350,2025-11-14T21:41:04.279249,report_generation,patient_db,usr_436,513a035a-908b-461e-a46d-3f07b81ac20e,529,False,GDPR
AUD-000351,2025-11-30T10:16:24.279249,permission_change,hr_system,usr_790,aa3141a4-6cb6-4667-970c-1a022b6e218e,798,True,SOX
AUD-000352,2025-11-30T00:46:06.279249,data_modification,hr_system,usr_490,2242645d-7c35-4fb5-9602-053f6452ebbe,229,False,GDPR
AUD-000353,2025-11-26T18:15:47.279249,report_generation,audit_log_system,usr_373,8c2d2a74-d73d-4c47-8763-ea13c0d35def,865,True,
AUD-000354,2025-11-26T13:26:02.279249,backup_completed,backup_system,usr_870,c69bf5ca-7fdf-4455-8dc3-bb39d1aa74dd,991,True,HIPAA
AUD-000355,2025-11-21T02:34:07.279249,data_access,patient_db,usr_797,204a3858-fc61-4447-aac4-9bb1bf7e71be,162,True,
AUD-000356,2025-12-06T11:08:57.279249,data_access,hr_system,usr_531,d701cccc-850c-40e1-ac81-d60df296eb78,995,False,SOX
AUD-000357,2025-12-01T08:33:08.279249,backup_completed,payment_processor,usr_624,8e650159-256f-44f0-b3ec-7563d90b40f5,221,False,PCI-DSS
AUD-000358,2025-12-07T14:55:56.279249,restore_initiated,backup_system,usr_900,a55211cc-7a1c-414d-b287-26197df3a6bd,562,False,PCI-DSS
AUD-000359,2025-12-02T11:36:12.279249,report_generation,patient_db,usr_888,ea0b61e1-9363-4494-89e8-671875ac5c13,246,True,GDPR
AUD-000360,2025-11-24T17:48:57.279249,backup_completed,payment_processor,usr_876,5db7d640-55f6-4f56-a97d-d379ef89aa62,803,True,
AUD-000361,2025-11-17T14:24:57.279249,permission_change,financial_system,usr_120,30c6db5f-d469-430b-8b5f-9c0a67cd1a74,319,False,PCI-DSS
AUD-000362,2025-11-14T09:20:48.279249,permission_change,hr_system,usr_250,2b6c3ffc-8ba6-4319-81c1-716a84166f49,839,False,PCI-DSS
AUD-000363,2025-12-09T02:41:17.279249,data_modification,audit_log_system,usr_213,c2d94d11-000d-46c8-b314-6b68e79c26c7,238,False,PCI-DSS
AUD-000364,2025-11-15T17:17:40.279249,permission_change,audit_log_system,usr_728,18f653ae-cd26-485a-a38c-451e70fd2e11,591,True,SOX
AUD-000365,2025-12-10T02:43:48.279249,restore_initiated,payment_processor,usr_747,40a34999-57bf-453a-b889-6ec28514dd74,196,True,SOX
AUD-000366,2025-11-15T11:53:23.279249,restore_initiated,patient_db,usr_464,c01af0c9-ae8d-4e67-a6d1-dc641b0bc396,825,True,HIPAA
AUD-000367,2025-12-06T00:02:54.279249,backup_completed,payment_processor,usr_607,01dceb76-2172-40f1-ae8c-b8de9c5828cc,404,True,
AUD-000368,2025-12-01T22:17:21.279249,data_access,patient_db,usr_196,9a70425b-86c3-487d-9572-4093004456d0,946,True,
AUD-000369,2025-12-09T20:33:08.279249,data_modification,backup_system,usr_249,0334b210-c4dc-43c6-8898-66928e3e906e,417,True,HIPAA
AUD-000370,2025-11-20T06:20:22.279249,backup_completed,payment_processor,usr_485,7b3b0de4-087a-4f55-88dc-331d99e92bd0,19,False,
AUD-000371,2025-12-01T04:13:27.279249,restore_initiated,hr_system,usr_665,12f7778b-53af-4915-9b4c-0a45b38cfa3a,822,True,PCI-DSS
AUD-000372,2025-11-23T21:01:13.279249,configuration_change,audit_log_system,usr_496,be5a4c5b-a9c1-432c-af83-447ab51a0221,396,True,HIPAA
AUD-000373,2025-11-28T07:27:15.279249,data_modification,payment_processor,usr_229,85b5192e-4730-4034-94d1-f4dace01306a,44,False,
AUD-000374,2025-11-27T12:16:02.279249,configuration_change,financial_system,usr_160,37d24af1-6bb6-4f84-a29f-0dd56f90c8f2,760,False,
AUD-000375,2025-12-09T13:46:33.279249,permission_change,payment_processor,usr_460,a911d734-5787-4582-acc9-63437634c29e,575,True,HIPAA
AUD-000376,2025-12-02T02:39:43.279249,data_access,audit_log_system,usr_743,323fba5c-3692-4040-a0e8-cc791101e45f,790,True,HIPAA
AUD-000377,2025-11-30T02:28:28.279249,restore_initiated,payment_processor,usr_563,76584479-3b62-48af-977f-69556b5443bf,658,True,
AUD-000378,2025-11-12T23:35:52.279249,restore_initiated,financial_system,usr_808,6c68a38c-5a4d-4367-b7b0-c863911e830a,836,True,SOX
AUD-000379,2025-12-03T14:43:52.279249,permission_change,payment_processor,usr_842,aa9940e2-35ae-48e9-95c1-1dfea473fa81,456,True,HIPAA
AUD-000380,2025-11-19T20:54:36.279249,report_generation,payment_processor,usr_586,55fd06f4-9417-4fee-b1ac-f59293be8775,52,True,SOX
AUD-000381,2025-12-07T23:45:06.279249,permission_change,patient_db,usr_657,5a8f8b0c-c1bd-41c6-9c5a-2d10f0dab866,304,True,SOX
AUD-000382,2025-11-14T14:21:19.279249,report_generation,financial_system,usr_180,5e2e0245-874e-4c10-85c1-f433e0bf0d75,257,False,GDPR
AUD-000383,2025-12-07T13:32:59.279249,configuration_change,hr_system,usr_801,e7dcfb8b-08a1-4485-aceb-55668d147503,279,True,PCI-DSS
AUD-000384,2025-11-17T23:34:05.279249,backup_completed,backup_system,usr_550,795f9d9c-7294-44a1-af84-356e7edd9c2c,733,True,PCI-DSS
AUD-000385,2025-11-16T05:15:39.279249,backup_completed,patient_db,usr_544,0f09be1b-6cea-40a5-af09-3b6d116c9bb3,497,True,HIPAA
AUD-000386,2025-11-27T13:23:56.279249,restore_initiated,backup_system,usr_470,3d4ed04a-79a4-4082-8dc3-b2737ca9c6db,207,True,SOX
AUD-000387,2025-12-05T15:00:56.279249,data_access,hr_system,usr_167,5da8d6d3-14c3-4948-92d7-bb33ff823dcb,920,True,
AUD-000388,2025-12-08T05:14:01.279249,data_deletion,audit_log_system,usr_180,f07d4e82-4f9d-4a87-a229-f78387badc3e,813,True,PCI-DSS
AUD-000389,2025-11-18T22:42:28.279249,data_deletion,hr_system,usr_424,5bcb0793-6fb5-4382-b764-b78a560a0a1f,963,True,SOX
AUD-000390,2025-11-30T19:57:20.279249,backup_completed,payment_processor,usr_850,27930f78-df4d-4da5-bd98-7099e630a6f4,858,True,GDPR
AUD-000391,2025-11-22T00:14:01.279249,data_deletion,backup_system,usr_413,1b12f724-4bac-4353-a43a-bb022acfb7d5,547,True,HIPAA
AUD-000392,2025-12-01T09:00:40.279249,data_deletion,payment_processor,usr_289,dc677995-b12e-44eb-964e-104f99dbbd9d,979,True,
AUD-000393,2025-11-28T18:43:34.279249,data_deletion,patient_db,usr_672,a3445ba1-438b-4e0e-bf5a-2fe49a7dd471,224,True,
AUD-000394,2025-11-22T16:13:47.279249,permission_change,financial_system,usr_244,032695bd-7ae7-42de-89cb-de03adbc48c4,177,False,PCI-DSS
AUD-000395,2025-11-13T20:13:14.279249,configuration_change,financial_system,usr_839,a44d3485-eaed-49f8-bae3-f9b0769f1db3,418,True,SOX
AUD-000396,2025-11-20T02:33:44.279249,permission_change,payment_processor,usr_859,926ce03e-dabe-42cd-98c6-5a5f4529fbc6,453,False,PCI-DSS
AUD-000397,2025-11-25T04:41:40.279249,data_deletion,payment_processor,usr_286,116cd81f-afb2-4d13-bb81-941cb03ab606,657,True,SOX
AUD-000398,2025-11-15T09:40:11.279249,data_access,patient_db,usr_197,29522cec-4f9b-4f36-9f33-4d705a15883f,25,True,
AUD-000399,2025-12-02T17:56:47.279249,backup_completed,financial_system,usr_771,f5b584fe-90c9-4db7-be53-93a0b0e19c00,368,True,PCI-DSS
AUD-000400,2025-11-19T16:50:42.279249,configuration_change,payment_processor,usr_701,c53d4ce8-22c1-49d9-9cd5-7388122e636c,224,False,HIPAA
AUD-000401,2025-11-21T00:21:45.279249,data_access,patient_db,usr_425,1d545715-05d1-4676-9b23-e329b28898d1,483,True,SOX
AUD-000402,2025-11-23T08:18:46.279249,report_generation,payment_processor,usr_620,c0c338d7-1c6f-4ab8-8604-17f67c82a725,221,False,PCI-DSS
AUD-000403,2025-12-10T16:00:25.279249,report_generation,audit_log_system,usr_874,a8b8a25a-4c2c-4307-b035-9b65afd8bec6,153,True,PCI-DSS
AUD-000404,2025-12-07T11:27:19.279249,permission_change,audit_log_system,usr_934,afb24233-5d0d-4078-ace2-b5b19eb5d28e,521,True,
AUD-000405,2025-11-17T23:49:15.279249,backup_completed,payment_processor,usr_452,f57243ed-0950-4064-b869-bf2ed2b014ba,415,False,SOX
AUD-000406,2025-12-11T21:56:59.279249,backup_completed,patient_db,usr_186,724900a0-b473-4c25-8132-8bbef96efefd,783,True,
AUD-000407,2025-11-14T08:42:08.279249,configuration_change,hr_system,usr_508,680ebdae-13f1-46cd-94d0-da5201653aa8,495,True,HIPAA
AUD-000408,2025-11-29T12:09:05.279249,report_generation,financial_system,usr_135,a51953b0-e504-4c3a-beb1-677c7a60edea,977,True,GDPR
AUD-000409,2025-11-13T13:32:30.279249,configuration_change,backup_system,usr_458,de223690-0040-45c2-be7b-677959648527,404,True,
AUD-000410,2025-11-23T12:19:07.279249,restore_initiated,audit_log_system,usr_386,b5d55ad8-29c8-463f-b7ef-07ffcd3608e0,238,True,SOX
AUD-000411,2025-12-05T02:31:33.279249,backup_completed,audit_log_system,usr_473,262cdd36-c5a2-4fb4-92fc-fa333c4efca1,146,True,PCI-DSS
AUD-000412,2025-11-18T03:57:16.279249,backup_completed,patient_db,usr_535,d897f92a-e0c9-494c-8e76-c3c996595a58,473,True,GDPR
AUD-000413,2025-12-02T12:35:32.279249,permission_change,patient_db,usr_107,a3881956-05a1-4bbe-922a-b18bd10605c5,144,False,PCI-DSS
AUD-000414,2025-11-25T13:38:39.279249,backup_completed,financial_system,usr_126,cc8bf15a-c8b8-442d-965c-9004a0796e1e,6,True,GDPR
AUD-000415,2025-11-26T06:47:24.279249,data_access,hr_system,usr_854,009aa8a1-c7cb-4128-aafd-d4fd91b4c82f,993,True,HIPAA
AUD-000416,2025-12-02T05:51:47.279249,data_access,hr_system,usr_512,1d8f34fb-86ce-4c63-aaad-4441b309dccd,447,False,GDPR
AUD-000417,2025-11-17T19:31:26.279249,permission_change,financial_system,usr_717,c49c23cd-b011-48e9-bc32-0b81ddab0084,820,True,
AUD-000418,2025-12-06T08:35:14.279249,report_generation,financial_system,usr_810,c710492b-91aa-4b66-b637-87f540ce7c1e,86,True,GDPR
AUD-000419,2025-12-05T01:03:34.279249,restore_initiated,financial_system,usr_792,312129f2-a569-427c-b009-9497e418ffbf,126,True,HIPAA
AUD-000420,2025-11-17T04:21:05.279249,backup_completed,patient_db,usr_276,541ff95c-1898-4a3b-9c5b-30e4e1f03a71,533,True,HIPAA
AUD-000421,2025-12-12T09:48:31.279249,backup_completed,patient_db,usr_551,d3ed4edc-59ba-4883-b778-e7153ac660a1,717,False,
AUD-000422,2025-11-22T19:52:35.279249,permission_change,payment_processor,usr_211,c876aff5-3419-4584-9e0d-5c42985de612,444,True,GDPR
AUD-000423,2025-11-27T07:36:49.279249,permission_change,payment_processor,usr_363,235773b8-b7e2-4e48-b927-58cd16eebb8e,40,True,SOX
AUD-000424,2025-12-06T01:44:15.279249,data_access,payment_processor,usr_767,6ac0ffb0-2fca-493e-8726-d81577cf8694,172,False,HIPAA
AUD-000425,2025-11-16T07:17:31.279249,configuration_change,hr_system,usr_915,a83b6b92-0534-455f-a126-790af89e9b3e,506,True,HIPAA
AUD-000426,2025-11-17T03:54:51.279249,data_modification,backup_system,usr_646,86b2ebd6-e6a7-4ca8-9bdf-b9f6afa8f736,506,False,SOX
AUD-000427,2025-11-29T05:22:41.279249,data_access,backup_system,usr_987,0a515685-778b-4276-8573-d49abe077bdc,855,True,SOX
AUD-000428,2025-11-23T09:27:25.279249,backup_completed,payment_processor,usr_607,e29d65e9-a7d6-49dd-9784-84813d50e0f9,811,True,GDPR
AUD-000429,2025-11-14T14:31:06.279249,backup_completed,backup_system,usr_117,11b35543-f360-4248-8c7e-8d71294a2a81,93,True,SOX
AUD-000430,2025-12-03T23:34:34.279249,data_access,patient_db,usr_731,7ec125b9-63da-42ad-91c3-f8a188bddcab,346,False,GDPR
AUD-000431,2025-12-07T06:42:02.279249,data_deletion,financial_system,usr_871,29226788-f755-45c1-8ce8-4ad774e465fb,104,False,PCI-DSS
AUD-000432,2025-11-22T14:35:33.279249,report_generation,backup_system,usr_481,cf040899-b8f3-4b42-8d48-d04c1cf1bb98,12,True,SOX
AUD-000433,2025-11-27T18:11:53.279249,configuration_change,audit_log_system,usr_526,9493b192-4208-47ab-9b3d-4bdb249ffd51,307,True,PCI-DSS
AUD-000434,2025-11-15T13:50:29.279249,data_modification,hr_system,usr_930,90ff1a1e-ac61-474c-a60b-755e3f1c2aaa,583,True,HIPAA
AUD-000435,2025-12-10T05:11:48.279249,data_modification,backup_system,usr_646,2c21e1b8-47e7-4471-85a2-b16aa193d08c,171,True,HIPAA
AUD-000436,2025-11-18T01:52:03.279249,data_deletion,financial_system,usr_676,5ab49c3a-d169-44a4-896d-632185d792b9,425,True,PCI-DSS
AUD-000437,2025-11-25T04:02:14.279249,configuration_change,backup_system,usr_457,aeaf6e04-6cce-429b-980c-2d620dbad1cb,248,True,PCI-DSS
AUD-000438,2025-11-28T19:10:52.279249,restore_initiated,payment_processor,usr_947,3bdc4a1a-c3a3-4155-b231-409d5ac6ef3a,324,True,GDPR
AUD-000439,2025-12-12T07:34:15.279249,permission_change,financial_system,usr_768,48fe2f31-d1d0-4cbe-b8f4-580bdb63eb8e,925,False,GDPR
AUD-000440,2025-11-29T14:49:26.279249,report_generation,payment_processor,usr_711,7a6c35fa-e49d-476a-a12b-51f36352e125,406,True,PCI-DSS
AUD-000441,2025-12-08T19:09:38.279249,data_access,backup_system,usr_732,c3c02774-895d-4a93-866f-90d2c1b46e10,534,False,
AUD-000442,2025-11-15T15:01:18.279249,report_generation,audit_log_system,usr_688,5e4a28fc-1292-489b-8af1-ec29e89d6630,969,True,
AUD-000443,2025-11-14T15:27:40.279249,data_modification,hr_system,usr_611,ec5fb271-be8f-45a9-aa4c-a4475673eea9,388,True,PCI-DSS
AUD-000444,2025-12-08T09:37:25.279249,restore_initiated,hr_system,usr_149,cf35f339-f4de-4789-99cc-2759a91fa7bd,76,True,GDPR
AUD-000445,2025-11-16T17:24:47.279249,report_generation,patient_db,usr_479,66fece84-a5b6-4409-97e2-2c54df90adcf,884,True,HIPAA
AUD-000446,2025-12-04T00:34:56.279249,backup_completed,patient_db,usr_434,e9ac6d4d-6c37-41fe-bbbf-26ee6d9ec3b5,896,True,SOX
AUD-000447,2025-12-06T07:37:03.279249,permission_change,backup_system,usr_275,6f97fc99-42c2-4a1a-9775-1d54f1bd6f9d,865,True,GDPR
AUD-000448,2025-12-02T11:43:14.279249,data_modification,patient_db,usr_527,3ed1e88e-0393-468d-a55f-b52e402e55dc,412,True,HIPAA
AUD-000449,2025-11-24T13:39:24.279249,report_generation,audit_log_system,usr_385,96a14f1a-d613-4c15-a5ec-f5151660ca27,252,True,
AUD-000450,2025-11-26T19:27:42.279249,data_deletion,financial_system,usr_963,c7256f70-5fc1-4afb-b200-31954f3eeea5,761,True,PCI-DSS
AUD-000451,2025-12-03T14:43:15.279249,data_modification,patient_db,usr_887,7435761e-3df3-4403-bc14-e4b8f2f0a322,903,True,
AUD-000452,2025-11-22T11:46:48.279249,report_generation,audit_log_system,usr_555,c5ee8388-5960-43ac-becb-097de1104130,323,False,
AUD-000453,2025-12-10T10:22:21.279249,data_access,hr_system,usr_662,b85350b3-f2df-4aa8-aed2-97f1d9346e81,611,True,GDPR
AUD-000454,2025-11-25T18:54:32.279249,restore_initiated,backup_system,usr_369,1e3db28a-e62a-404e-81dd-4f16882e3729,28,False,HIPAA
AUD-000455,2025-11-19T12:26:44.279249,report_generation,payment_processor,usr_413,714e009e-459c-4631-aa2f-e7b551d0229b,996,False,HIPAA
AUD-000456,2025-11-18T17:14:11.279249,data_modification,audit_log_system,usr_870,04729305-bde4-41a7-9d15-76b9c43cd561,912,True,
AUD-000457,2025-12-09T00:05:13.279249,restore_initiated,hr_system,usr_446,bf46d415-7760-4b51-95a0-ce5fef429c37,433,True,GDPR
AUD-000458,2025-12-05T04:34:26.279249,configuration_change,patient_db,usr_487,c8eee729-0c25-45ad-930c-c2c1eac5604b,591,True,GDPR
AUD-000459,2025-12-06T03:53:20.279249,data_deletion,financial_system,usr_534,77afbfea-3687-44ef-9d8d-1e73f4f96213,64,False,HIPAA
AUD-000460,2025-11-13T15:20:45.279249,data_deletion,audit_log_system,usr_383,d61a1497-ec51-46b6-8277-37c1aefae409,466,True,
AUD-000461,2025-11-13T00:49:22.279249,backup_completed,audit_log_system,usr_371,4813ce32-9370-4ac7-8db4-003cdea9f55b,609,False,HIPAA
AUD-000462,2025-11-15T08:25:01.279249,data_access,payment_processor,usr_421,c7ab7d73-6e06-4b63-aa42-701bc3516067,578,False,PCI-DSS
AUD-000463,2025-11-13T17:40:49.279249,data_access,payment_processor,usr_660,11adc706-2d41-4a46-a018-beb6a78baf87,352,False,HIPAA
AUD-000464,2025-11-30T22:13:16.279249,backup_completed,patient_db,usr_905,fe8d6c8b-cb84-42bf-93c5-df8b247d3bbb,292,False,HIPAA
AUD-000465,2025-12-09T10:30:24.279249,configuration_change,audit_log_system,usr_503,5919a9c5-d3b6-4a1e-a643-26dc8a870384,166,True,HIPAA
AUD-000466,2025-12-01T01:15:54.279249,data_deletion,backup_system,usr_230,79ad0fb5-2c0d-465f-b113-a6e6113297d3,387,True,GDPR
AUD-000467,2025-12-03T08:50:01.279249,backup_completed,audit_log_system,usr_414,f7a04a43-8478-4b29-8bef-bbaabaa33309,824,False,
AUD-000468,2025-12-05T11:34:14.279249,backup_completed,financial_system,usr_161,eae7b3c5-b34d-40a0-a98c-df7c2468e49f,19,False,GDPR
AUD-000469,2025-11-19T15:40:47.279249,data_deletion,patient_db,usr_124,467b94ae-3ff7-4e8c-a417-61838b961662,15,True,PCI-DSS
AUD-000470,2025-11-29T08:18:12.279249,restore_initiated,audit_log_system,usr_478,26c62616-a244-450d-b1c5-dfef3fad8977,778,True,SOX
AUD-000471,2025-11-25T12:26:19.279249,configuration_change,hr_system,usr_189,31773b9e-5a04-409b-9664-c410fd8ba667,489,False,
AUD-000472,2025-11-25T19:34:59.279249,data_access,financial_system,usr_240,e243c9aa-a510-454a-b08f-2773390ee88c,456,True,GDPR
AUD-000473,2025-12-08T18:18:52.279249,backup_completed,financial_system,usr_423,b142fca8-ac0c-4814-8c63-9cbdb0186021,177,True,HIPAA
AUD-000474,2025-12-07T22:19:37.279249,permission_change,payment_processor,usr_587,68732f45-d0f2-42a2-9b0b-1e986c8bc064,80,True,HIPAA
AUD-000475,2025-12-06T20:29:30.279249,data_deletion,payment_processor,usr_484,363f1add-d683-483e-97f5-9f9548cd4257,59,False,GDPR
AUD-000476,2025-11-19T03:51:59.279249,data_access,hr_system,usr_648,2d16865e-f748-46f5-8987-21f2ebb569b3,464,True,SOX
AUD-000477,2025-12-07T12:05:37.279249,data_modification,financial_system,usr_601,6c293abb-397a-4653-b6a7-0d1187f49981,445,True,
AUD-000478,2025-11-14T06:00:55.279249,data_access,financial_system,usr_791,26ba3410-082b-4292-a4cd-4463ac111b72,537,True,SOX
AUD-000479,2025-11-14T05:38:18.279249,data_access,hr_system,usr_444,edf93afd-4a46-4deb-9912-dad6befcc5d6,765,True,SOX
AUD-000480,2025-11-26T16:57:54.279249,data_deletion,hr_system,usr_106,d677f0c9-0a71-4f31-812d-ab6ee0129ebb,905,True,PCI-DSS
AUD-000481,2025-11-13T17:57:17.279249,data_deletion,patient_db,usr_210,0be41bf6-6e51-45cc-9c2e-b758ef867220,641,False,PCI-DSS
AUD-000482,2025-11-19T04:43:15.279249,data_modification,audit_log_system,usr_307,274351f0-956e-4ace-a74c-38a250b80852,274,True,SOX
AUD-000483,2025-11-25T09:02:39.279249,data_deletion,patient_db,usr_884,ef732c31-dcee-438d-8c37-d8dcfe0f2a08,403,False,
AUD-000484,2025-11-26T23:26:06.279249,backup_completed,payment_processor,usr_268,9d13c282-7f9d-418f-a454-64126fe09238,307,True,GDPR
AUD-000485,2025-11-14T09:09:14.279249,backup_completed,payment_processor,usr_212,59b2b5d9-95d1-44a6-b4be-3cba1eb62b3b,916,True,PCI-DSS
AUD-000486,2025-11-19T19:57:11.279249,configuration_change,payment_processor,usr_482,2694e019-159c-484f-a03e-3b20311e8f9f,942,True,GDPR
AUD-000487,2025-12-02T22:15:17.279249,permission_change,hr_system,usr_775,bee39efc-0f63-4e8b-9551-e1f177dec42b,798,True,SOX
AUD-000488,2025-11-21T22:34:16.279249,report_generation,audit_log_system,usr_172,53d4c65c-89e4-4184-8180-ff055c84ff68,579,True,HIPAA
AUD-000489,2025-11-22T03:17:06.279249,backup_completed,backup_system,usr_904,4c157d2d-50f1-4bf9-ab39-969fd28b1b05,56,False,
AUD-000490,2025-11-21T10:47:42.279249,report_generation,audit_log_system,usr_209,81385f7e-4d4f-485a-a438-2ddbad510919,382,True,HIPAA
AUD-000491,2025-12-05T12:03:41.279249,restore_initiated,hr_system,usr_880,70791bdf-50f9-4709-80aa-d2f8544ba969,232,True,HIPAA
AUD-000492,2025-12-10T07:00:02.279249,data_deletion,financial_system,usr_965,5435a873-13a8-4a05-b42b-55ec6dd81190,424,False,HIPAA
AUD-000493,2025-12-08T05:38:23.279249,data_modification,hr_system,usr_377,afe9dba8-e41d-4870-9298-8863890a0a81,728,False,
AUD-000494,2025-12-06T19:58:36.279249,data_access,financial_system,usr_428,edb4c8ed-9b60-4472-9618-89636a8ff428,3,True,GDPR
AUD-000495,2025-11-25T04:26:15.279249,data_deletion,audit_log_system,usr_710,9b0ca0f8-8cc8-4272-ab1b-e81c8cfa162b,133,True,PCI-DSS
AUD-000496,2025-11-21T07:36:21.279249,backup_completed,backup_system,usr_923,51581346-0566-4dc1-9d78-ec370cfb3061,512,True,PCI-DSS
AUD-000497,2025-12-02T05:14:16.279249,backup_completed,hr_system,usr_196,fd26ba2d-dfae-4119-ab6e-76aa4a9fe308,509,True,
AUD-000498,2025-11-22T09:58:17.279249,permission_change,payment_processor,usr_578,0c5f8257-948d-44c4-b03b-5623083c0e97,729,False,HIPAA
AUD-000499,2025-11-12T21:24:34.279249,restore_initiated,audit_log_system,usr_163,42787044-00dd-4b40-b25c-5aa6248e6cef,56,True,
